season,week,n_active,m_elim,actual_elim,percent_elim,rank_elim,bottom2save_elim
1,2,6,1,Trista Sutter,Evander Holyfield,Kelly Monaco,Evander Holyfield
1,3,5,1,Evander Holyfield,Evander Holyfield,Evander Holyfield,Evander Holyfield
1,4,4,1,Rachel Hunter,Joey McIntyre,Joey McIntyre,Joey McIntyre
2,1,10,1,Kenny Mayne,Kenny Mayne,Master P,Master P
2,2,9,1,Tatum O'Neal,Tatum O'Neal,Tatum O'Neal,Master P
2,3,8,1,Giselle Fernandez,Master P,Master P,Master P
2,4,7,1,Master P,Master P,Master P,Master P
2,5,6,1,Tia Carrere,Tia Carrere,Tia Carrere,Tia Carrere
2,6,5,1,George Hamilton,George Hamilton,George Hamilton,Jerry Rice
2,7,4,1,Lisa Rinna,Jerry Rice,Lisa Rinna,Jerry Rice
3,1,11,1,Tucker Carlson,Tucker Carlson,Tucker Carlson,Tucker Carlson
3,2,10,1,Shanna Moakler,Jerry Springer,Jerry Springer,Jerry Springer
3,3,9,1,Harry Hamlin,Jerry Springer,Jerry Springer,Emmitt Smith
3,4,8,1,Vivica A. Fox,Sara Evans,Sara Evans,Sara Evans
3,5,7,2,Willa Ford|Sara Evans,Jerry Springer|Sara Evans,Jerry Springer|Sara Evans,Jerry Springer|Sara Evans
3,7,5,1,Jerry Springer,Jerry Springer,Jerry Springer,Jerry Springer
3,8,4,1,Monique Coleman,Monique Coleman,Monique Coleman,Monique Coleman
4,2,11,1,Paulina Porizkova,Clyde Drexler,Clyde Drexler,Clyde Drexler
4,3,10,1,Shandi Finnessey,Clyde Drexler,Clyde Drexler,Clyde Drexler
4,4,9,1,Leeza Gibbons,Clyde Drexler,Clyde Drexler,Clyde Drexler
4,5,8,1,Clyde Drexler,Clyde Drexler,Clyde Drexler,Clyde Drexler
4,6,7,1,Heather Mills,John Ratzenberger,John Ratzenberger,John Ratzenberger
4,7,6,1,John Ratzenberger,Billy Ray Cyrus,John Ratzenberger,Billy Ray Cyrus
4,8,5,1,Billy Ray Cyrus,Billy Ray Cyrus,Billy Ray Cyrus,Billy Ray Cyrus
4,9,4,1,Ian Ziering,Ian Ziering,Ian Ziering,Ian Ziering
5,1,12,1,Josie Maran,Josie Maran,Josie Maran,Josie Maran
5,2,11,1,Albert Reed,Wayne Newton,Wayne Newton,Wayne Newton
5,3,10,1,Wayne Newton,Wayne Newton,Wayne Newton,Wayne Newton
5,4,9,1,Floyd Mayweather Jr. ,Mark Cuban,Mark Cuban,Mark Cuban
5,5,8,1,Mark Cuban,Mark Cuban,Mark Cuban,Marie Osmond
5,6,7,1,Sabrina Bryan,Jane Seymour,Jane Seymour,Jane Seymour
5,7,6,1,Jane Seymour,Jane Seymour,Jane Seymour,Jane Seymour
5,8,5,1,Cameron Mathison,Marie Osmond,Marie Osmond,Marie Osmond
5,9,4,1,Jennie Garth,Marie Osmond,Marie Osmond,Marie Osmond
6,2,12,2,Monica Seles|Penn Jillette,Monica Seles|Steve Guttenberg,Monica Seles|Steve Guttenberg,Monica Seles|Steve Guttenberg
6,3,10,1,Steve Guttenberg,Marissa Jaret Winokur,Marissa Jaret Winokur,Marissa Jaret Winokur
6,4,9,1,Adam Carolla,Adam Carolla,Adam Carolla,Adam Carolla
6,5,8,1,Priscilla Presley,Priscilla Presley,Priscilla Presley,Priscilla Presley
6,6,7,1,Marlee Matlin,Marlee Matlin,Marlee Matlin,Marlee Matlin
6,7,6,1,Shannon Elizabeth,Cristian de la Fuente,Cristian de la Fuente,Cristian de la Fuente
6,8,5,1,Mario,Marissa Jaret Winokur,Marissa Jaret Winokur,Marissa Jaret Winokur
6,9,4,1,Marissa Jaret Winokur,Marissa Jaret Winokur,Marissa Jaret Winokur,Marissa Jaret Winokur
7,1,13,2,Ted McGinley|Jeffrey Ross,Jeffrey Ross|Cloris Leachman,Jeffrey Ross|Cloris Leachman,Jeffrey Ross|Cloris Leachman
7,2,11,2,Misty May-Treanor|Kim Kardashian,Cloris Leachman|Rocco DiSpirito,Cloris Leachman|Kim Kardashian,Cloris Leachman|Kim Kardashian
7,4,9,1,Rocco DiSpirito,Rocco DiSpirito,Rocco DiSpirito,Rocco DiSpirito
7,5,8,1,Toni Braxton,Cloris Leachman,Cloris Leachman,Cloris Leachman
7,6,7,1,Cloris Leachman,Cloris Leachman,Cloris Leachman,Cloris Leachman
7,7,6,1,Susan Lucci,Warren Sapp,Warren Sapp,Warren Sapp
7,8,5,1,Maurice Greene,Maurice Greene,Maurice Greene,Cody Linley
7,9,4,1,Cody Linley,Cody Linley,Cody Linley,Cody Linley
8,2,13,1,Belinda Carlisle,Steve-O,Steve-O,Steve-O
8,3,12,1,Denise Richards,Steve Wozniak,Steve Wozniak,Steve Wozniak
8,4,11,2,Steve Wozniak|Holly Madison,Steve Wozniak|Steve-O,Steve Wozniak|Steve-O,Steve Wozniak|Steve-O
8,5,9,1,David Alan Grier,Steve-O,Steve-O,Steve-O
8,6,8,1,Steve-O,Steve-O,Steve-O,Steve-O
8,7,7,1,Lawrence Taylor,Lawrence Taylor,Lawrence Taylor,Lawrence Taylor
8,8,6,1,Chuck Wicks,Ty Murray,Chuck Wicks,Melissa Rycroft
8,9,5,1,Lil' Kim,Ty Murray,Ty Murray,Ty Murray
8,10,4,1,Ty Murray,Ty Murray,Ty Murray,Ty Murray
9,1,16,2,Ashley Hamiliton|Macy Gray,Macy Gray|Ashley Hamiliton,Macy Gray|Ashley Hamiliton,Macy Gray|Ashley Hamiliton
9,2,14,1,Kathy Ireland,Kathy Ireland,Kathy Ireland,Tom DeLay
9,3,13,2,Debi Mazar|Tom DeLay,Michael Irvin|Tom DeLay,Michael Irvin|Tom DeLay,Michael Irvin|Tom DeLay
9,4,11,1,Chuck Liddell,Michael Irvin,Michael Irvin,Louie Vito
9,5,10,1,Natalie Coughlin,Michael Irvin,Michael Irvin,Michael Irvin
9,6,9,2,Melissa Joan Hart|Louie Vito,Michael Irvin|Louie Vito,Michael Irvin|Melissa Joan Hart,Michael Irvin|Melissa Joan Hart
9,7,7,2,Mark Dacascos|Michael Irvin,Mark Dacascos|Michael Irvin,Mark Dacascos|Michael Irvin,Mark Dacascos|Michael Irvin
9,8,5,1,Aaron Carter,Kelly Osbourne,Aaron Carter,Aaron Carter
9,9,4,1,Joanna Krupa,Donny Osmond,Donny Osmond,Donny Osmond
10,2,11,1,Shannen Doherty,Buzz Aldrin,Buzz Aldrin,Buzz Aldrin
10,3,10,1,Buzz Aldrin,Buzz Aldrin,Buzz Aldrin,Buzz Aldrin
10,4,9,1,Aiden Turner,Kate Gosselin,Kate Gosselin,Kate Gosselin
10,5,8,1,Kate Gosselin,Kate Gosselin,Kate Gosselin,Kate Gosselin
10,6,7,1,Jake Pavelka,Jake Pavelka,Niecy Nash,Jake Pavelka
10,7,6,1,Pamela Anderson,Niecy Nash,Niecy Nash,Niecy Nash
10,8,5,1,Niecy Nash,Niecy Nash,Niecy Nash,Niecy Nash
10,9,4,1,Chad Ochocinco,Chad Ochocinco,Chad Ochocinco,Chad Ochocinco
11,1,12,1,David Hasselhoff,David Hasselhoff,David Hasselhoff,Margaret Cho
11,2,11,1,Michael Bolton,Michael Bolton,Michael Bolton,Michael Bolton
11,3,10,1,Margaret Cho,Margaret Cho,Margaret Cho,Margaret Cho
11,4,9,1,The Situation,The Situation,The Situation,The Situation
11,5,8,1,Florence Henderson,Bristol Palin,Bristol Palin,Bristol Palin
11,6,7,1,Audrina Patridge,Kurt Warner,Kurt Warner,Kurt Warner
11,7,6,1,Rick Fox,Bristol Palin,Bristol Palin,Bristol Palin
11,8,5,1,Kurt Warner,Bristol Palin,Bristol Palin,Bristol Palin
11,9,4,1,Brandy,Bristol Palin,Bristol Palin,Bristol Palin
12,2,11,1,Mike Catherwood,Mike Catherwood,Mike Catherwood,Wendy Williams
12,3,10,1,Wendy Williams,Wendy Williams,Wendy Williams,Wendy Williams
12,4,9,1,Sugar Ray Leonard,Kendra Wilkinson,Sugar Ray Leonard,Kendra Wilkinson
12,5,8,1,Petra Nemcova,Kendra Wilkinson,Kendra Wilkinson,Petra Nemcova
12,6,7,1,Chris Jericho,Chris Jericho,Chris Jericho,Chris Jericho
12,7,6,1,Kendra Wilkinson,Kendra Wilkinson,Kirstie Alley,Kirstie Alley
12,8,5,1,Romeo,Ralph Macchio,Ralph Macchio,Ralph Macchio
12,9,4,1,Ralph Macchio,Ralph Macchio,Ralph Macchio,Ralph Macchio
13,1,12,1,Metta World Peace (Ron),Metta World Peace (Ron),Metta World Peace (Ron),Metta World Peace (Ron)
13,2,11,1,Elisabetta Canalis,Chaz Bono,Chaz Bono,Chaz Bono
13,3,10,1,Kristin Cavallari,Chaz Bono,Chaz Bono,Chaz Bono
13,4,9,1,Chynna Phillips,Carson Kressley,Carson Kressley,Carson Kressley
13,5,8,1,Carson Kressley,Carson Kressley,Carson Kressley,Carson Kressley
13,6,7,1,Chaz Bono,Chaz Bono,Chaz Bono,Chaz Bono
13,7,6,1,David Arquette,Nancy Grace,Nancy Grace,Nancy Grace
13,8,5,1,Nancy Grace,Nancy Grace,Nancy Grace,Nancy Grace
13,9,4,1,Hope Solo,Hope Solo,Hope Solo,Hope Solo
14,2,12,1,Martina Navratilova,Martina Navratilova,Martina Navratilova,Martina Navratilova
14,3,11,1,Jack Wagner,Melissa Gilbert,Melissa Gilbert,Gavin DeGraw
14,4,10,1,Sherri Sheperd,Gladys Knight,Gladys Knight,Gladys Knight
14,5,9,1,Gavin DeGraw,Gavin DeGraw,Gavin DeGraw,Gavin DeGraw
14,6,8,1,Gladys Knight,Gladys Knight,Gladys Knight,Gladys Knight
14,7,7,1,Jaleel White,Melissa Gilbert,Melissa Gilbert,Melissa Gilbert
14,8,6,2,Roshon Fegan|Melissa Gilbert,Melissa Gilbert|Roshon Fegan,Melissa Gilbert|Maria Menounos,Melissa Gilbert|Maria Menounos
14,9,4,1,Maria Menounos,Katherine Jenkins,Katherine Jenkins,Katherine Jenkins
15,1,13,1,Pamela Anderson,Pamela Anderson,Pamela Anderson,Pamela Anderson
15,2,12,1,Joey Fatone,Bristol Palin,Bristol Palin,Bristol Palin
15,3,11,2,Helio Castroneves|Drew Lachey,Bristol Palin|Kirstie Alley,Bristol Palin|Kirstie Alley,Bristol Palin|Kirstie Alley
15,4,9,1,Bristol Palin,Kirstie Alley,Kirstie Alley,Kirstie Alley
15,6,8,1,Sabrina Bryan,Emmitt Smith,Kelly Monaco,Emmitt Smith
15,8,7,2,Gilles Marini|Kirstie Alley,Kirstie Alley|Kelly Monaco,Kirstie Alley|Kelly Monaco,Kirstie Alley|Kelly Monaco
15,9,5,2,Apolo Anton Ohno|Emmitt Smith,Kelly Monaco|Emmitt Smith,Kelly Monaco|Emmitt Smith,Kelly Monaco|Emmitt Smith
16,2,12,1,Dorothy Hamill,Dorothy Hamill,Dorothy Hamill,Dorothy Hamill
16,3,11,1,Wynonna Judd,Wynonna Judd,Wynonna Judd,Wynonna Judd
16,4,10,1,Lisa Vanderpump,Lisa Vanderpump,Lisa Vanderpump,Victor Ortiz
16,5,9,1,D. L. Hughley,D. L. Hughley,D. L. Hughley,Andy Dick
16,6,8,1,Victor Ortiz,Victor Ortiz,Victor Ortiz,Victor Ortiz
16,7,7,1,Andy Dick,Andy Dick,Andy Dick,Andy Dick
16,8,6,1,Sean Lowe,Sean Lowe,Sean Lowe,Sean Lowe
16,9,5,1,Ingo Rademacher,Ingo Rademacher,Ingo Rademacher,Ingo Rademacher
16,10,4,1,Alexandra Raisman,Jacoby Jones,Jacoby Jones,Jacoby Jones
17,2,12,1,Keyshawn Johnson,Bill Nye,Bill Nye,Bill Nye
17,3,11,1,Bill Nye,Bill Nye,Bill Nye,Valerie Harper
17,4,10,1,Valerie Harper,Valerie Harper,Valerie Harper,Valerie Harper
17,5,9,1,Christina Milian,Leah Remini,Leah Remini,Leah Remini
17,7,8,1,"Nicole ""Snooki"" Polizzi",Bill Engvall,Bill Engvall,Bill Engvall
17,8,7,1,Brant Daugherty,Bill Engvall,Bill Engvall,Bill Engvall
17,9,6,1,Elizabeth Berkley Lauren,Bill Engvall,Bill Engvall,Bill Engvall
17,10,5,1,Leah Remini,Bill Engvall,Bill Engvall,Bill Engvall
17,11,4,1,Bill Engvall,Bill Engvall,Bill Engvall,Bill Engvall
18,2,11,2,Billy Dee Williams|Sean Avery,Billy Dee Williams|Sean Avery,Billy Dee Williams|Sean Avery,Billy Dee Williams|Sean Avery
18,5,9,1,Cody Simpson,Drew Carey,Drew Carey,Drew Carey
18,6,8,1,Drew Carey,Drew Carey,Drew Carey,Candace Cameron Bure
18,7,7,1,NeNe Leakes,NeNe Leakes,NeNe Leakes,NeNe Leakes
18,8,6,1,Danica McKellar,Candace Cameron Bure,Candace Cameron Bure,James Maslow
18,9,5,1,Charlie White,Candace Cameron Bure,Candace Cameron Bure,Candace Cameron Bure
18,10,4,1,James Maslow,Candace Cameron Bure,Candace Cameron Bure,Candace Cameron Bure
19,1,13,1,Lolo Jones,Betsey Johnson,Lolo Jones,Betsey Johnson
19,2,12,1,Tavis Smiley,Michael Waltrip,Michael Waltrip,Michael Waltrip
19,3,11,1,Randy Couture,Randy Couture,Randy Couture,Randy Couture
19,4,10,1,Betsey Johnson,Jonathan Bennett,Michael Waltrip,Jonathan Bennett
19,6,9,1,Jonathan Bennett,Tommy Chong,Tommy Chong,Tommy Chong
19,7,8,1,Antonio Sabato Jr.,Michael Waltrip,Michael Waltrip,Michael Waltrip
19,8,7,1,Michael Waltrip,Michael Waltrip,Michael Waltrip,Michael Waltrip
19,9,6,1,Lea Thompson,Tommy Chong,Tommy Chong,Tommy Chong
19,10,5,1,Tommy Chong,Tommy Chong,Tommy Chong,Tommy Chong
19,11,4,1,Bethany Mota,Bethany Mota,Bethany Mota,Bethany Mota
20,2,12,1,Redfoo,Chris Soules,Chris Soules,Chris Soules
20,3,11,1,Charlotte McKinney,Charlotte McKinney,Charlotte McKinney,Patti LaBelle
20,4,10,1,Michael Sam,Chris Soules,Chris Soules,Chris Soules
20,5,9,1,Suzanne Somers,Robert Herjavec,Chris Soules,Robert Herjavec
20,6,8,1,Patti LaBelle,Robert Herjavec,Patti LaBelle,Robert Herjavec
20,7,7,1,Willow Shields,Chris Soules,Chris Soules,Robert Herjavec
20,8,6,2,Robert Herjavec|Chris Soules,Robert Herjavec|Chris Soules,Robert Herjavec|Chris Soules,Robert Herjavec|Chris Soules
20,9,4,1,Nastia Liukin,Noah Galloway,Noah Galloway,Noah Galloway
21,2,13,3,Victor Espinoza|Chaka Khan|Kim Zolciak-Biermann,Chaka Khan|Gary Busey|Kim Zolciak-Biermann,Chaka Khan|Gary Busey|Kim Zolciak-Biermann,Chaka Khan|Gary Busey
21,4,10,1,Gary Busey,Gary Busey,Gary Busey,Gary Busey
21,6,9,1,Paula Deen,Paula Deen,Paula Deen,Paula Deen
21,7,8,1,Hayes Grier,Alek Skarlatos,Alek Skarlatos,Alek Skarlatos
21,8,7,1,Andy Grammer,Alek Skarlatos,Andy Grammer,Andy Grammer
21,9,6,2,Alexa PenaVega|Tamar Braxton,Tamar Braxton|Alek Skarlatos,Tamar Braxton|Alek Skarlatos,Tamar Braxton|Alek Skarlatos
21,11,4,1,Carlos PenaVega,Alek Skarlatos,Alek Skarlatos,Alek Skarlatos
22,2,12,1,Geraldo Rivera,Geraldo Rivera,Geraldo Rivera,Geraldo Rivera
22,3,11,1,Mischa Barton,Mischa Barton,Mischa Barton,Mischa Barton
22,4,10,1,Marla Maples,Doug Flutie,Doug Flutie,Doug Flutie
22,6,9,1,Doug Flutie,Doug Flutie,Doug Flutie,Doug Flutie
22,7,8,2,Kim Fields|Von Miller,Von Miller|Kim Fields,Von Miller|Kim Fields,Von Miller|Kim Fields
22,8,6,1,Jodie Sweetin,Antonio Brown,Antonio Brown,Wanya Morris
22,9,5,2,Antonio Brown|Wanya Morris,Antonio Brown|Ginger Zee,Antonio Brown|Ginger Zee,Antonio Brown|Ginger Zee
23,2,13,1,Jake T. Austin,Rick Perry,Rick Perry,Rick Perry
23,3,12,1,Rick Perry,Rick Perry,Rick Perry,Vanilla Ice
23,4,11,2,Babyface|Vanilla Ice,Babyface|Marilu Henner,Babyface|Ryan Lochte,Babyface|Ryan Lochte
23,6,9,1,Amber Rose,Amber Rose,Amber Rose,Amber Rose
23,7,8,1,Maureen McCormick,Marilu Henner,Ryan Lochte,Marilu Henner
23,8,7,1,Ryan Lochte,Marilu Henner,Marilu Henner,Marilu Henner
23,9,6,1,Marilu Henner,Marilu Henner,Marilu Henner,James Hinchcliffe
23,10,5,1,Terra Jole,Calvin Johnson Jr.,Calvin Johnson Jr.,Calvin Johnson Jr.
23,11,4,1,Jana Kramer,Jana Kramer,Jana Kramer,Jana Kramer
24,2,12,1,Chris Kattan,Chris Kattan,Chris Kattan,Mr. T
24,3,11,1,Charo,Mr. T,Mr. T,Charo
24,4,10,1,Mr. T,Mr. T,Mr. T,Mr. T
24,5,9,1,Erika Jayne,David Ross,Bonner Bolton,David Ross
24,6,8,1,Heather Morris,Nick Viall,Nick Viall,Nick Viall
24,7,7,2,Nancy Kerrigan|Nick Viall,Bonner Bolton|David Ross,Bonner Bolton|David Ross,Bonner Bolton|David Ross
24,8,5,1,Bonner Bolton,Bonner Bolton,Bonner Bolton,Bonner Bolton
24,9,4,1,Simone Biles,David Ross,David Ross,David Ross
25,2,13,2,Barbara Corcoran|Debbie Gibson,Barbara Corcoran|Terrell Owens,Barbara Corcoran|Terrell Owens,Barbara Corcoran|Terrell Owens
25,4,11,1,Derek Fisher,Nick Lachey,Derek Fisher,Nick Lachey
25,5,10,1,Sasha Pieterse,Nick Lachey,Nick Lachey,Nick Lachey
25,6,9,1,Nick Lachey,Nick Lachey,Nick Lachey,Nick Lachey
25,7,8,2,Nikki Bella|Vanessa Lachey,Nikki Bella|Terrell Owens,Nikki Bella|Terrell Owens,Nikki Bella|Terrell Owens
25,8,6,1,Terrell Owens,Drew Scott,Drew Scott,Drew Scott
25,9,5,1,Victoria Arlen,Drew Scott,Drew Scott,Drew Scott
25,10,4,1,Drew Scott,Drew Scott,Drew Scott,Drew Scott
26,1,10,2,Jamie Anderson|Johnny Damon,Kareem Abdul-Jabbar|Johnny Damon,Johnny Damon|Kareem Abdul-Jabbar,Johnny Damon|Kareem Abdul-Jabbar
26,2,8,2,Kareem Abdul-Jabbar|Arike Ogunbowale,Kareem Abdul-Jabbar|Jennie Finch Daigle,Kareem Abdul-Jabbar|Jennie Finch Daigle,Kareem Abdul-Jabbar|Jennie Finch Daigle
26,3,6,3,Jennie Finch Daigle|Chris Mazdzer|Mirai Nagasu,Jennie Finch Daigle|Chris Mazdzer|Tonya Harding,Jennie Finch Daigle|Chris Mazdzer|Tonya Harding,Jennie Finch Daigle|Chris Mazdzer
27,1,13,1,Nikki Glaser,Joe Amabile,Joe Amabile,Joe Amabile
27,2,12,1,Danelle Umstead,Joe Amabile,Joe Amabile,Joe Amabile
27,3,11,1,Nancy McKeon,Joe Amabile,Joe Amabile,Joe Amabile
27,4,10,1,Tinashe,Joe Amabile,Joe Amabile,Joe Amabile
27,6,9,1,Mary Lou Retton,John Schneider,John Schneider,John Schneider
27,7,8,2,John Schneider|DeMarcus Ware,Joe Amabile|Bobby Bones,Joe Amabile|Bobby Bones,Joe Amabile|Bobby Bones
27,8,6,2,Juan Pablo Di Pace|Joe Amabile,Bobby Bones|Joe Amabile,Bobby Bones|Joe Amabile,Bobby Bones|Joe Amabile
28,2,12,2,Ray Lewis|Mary Wilson,Lamar Odom|Ray Lewis,Ray Lewis|Mary Wilson,Ray Lewis|Mary Wilson
28,4,10,1,Lamar Odom,Lamar Odom,Lamar Odom,Lamar Odom
28,6,9,1,Sailor Brinkley-Cook,Sean Spicer,Sean Spicer,Sean Spicer
28,7,8,1,Karamo Brown,Sean Spicer,Sean Spicer,Sean Spicer
28,8,7,1,Kate Flannery,Sean Spicer,Sean Spicer,Sean Spicer
28,9,6,1,Sean Spicer,Sean Spicer,Sean Spicer,Sean Spicer
28,10,5,1,James Van Der Beek,James Van Der Beek,James Van Der Beek,James Van Der Beek
29,2,15,1,Charles Oakley,Charles Oakley,Charles Oakley,Charles Oakley
29,3,14,1,Carole Baskin,Carole Baskin,Carole Baskin,Carole Baskin
29,4,13,1,Anne Heche,Anne Heche,Anne Heche,Nelly
29,5,12,1,Jesse Metcalfe,Jesse Metcalfe,Jesse Metcalfe,Chrishell Stause
29,6,11,1,Veron Davis,Skai Jackson,Veron Davis,Skai Jackson
29,7,10,2,Monica Aldama|Jeannie Mai,Monica Aldama|Jeannie Mai,Monica Aldama|Jeannie Mai,Monica Aldama|Jeannie Mai
29,8,8,1,Chrishell Stause,Nelly,Nelly,Nelly
29,9,7,1,AJ McLean,Nelly,Nelly,Nelly
29,10,6,2,Skai Jackson|Johnny Weir,Skai Jackson|Justina Machado,Skai Jackson|Nelly,Skai Jackson|Nelly
30,2,15,1,Martin Kove,Martin Kove,Martin Kove,Martin Kove
30,3,14,1,Christine Chiu,Cody Rigsby,Cody Rigsby,Cody Rigsby
30,4,13,2,Brian Austin Green|Matt James,Brian Austin Green|Matt James,Brian Austin Green|Matt James,Brian Austin Green|Matt James
30,5,11,1,Melanie C,Iman Shumpert,Iman Shumpert,Iman Shumpert
30,6,10,1,Kenya Moore,Kenya Moore,Kenya Moore,Kenya Moore
30,7,9,1,"Mike ""The Miz"" Mizanin","Mike ""The Miz"" Mizanin","Mike ""The Miz"" Mizanin","Mike ""The Miz"" Mizanin"
30,8,8,2,Jimmie Allen|Olivia Jade,Jimmie Allen|Cody Rigsby,Jimmie Allen|Iman Shumpert,Jimmie Allen|Iman Shumpert
30,9,6,2,Melora Hardin|Suni Lee,Melora Hardin|Suni Lee,Melora Hardin|Suni Lee,Melora Hardin|Suni Lee
31,1,16,1,Jason Lewis,Jason Lewis,Jason Lewis,Vinny Guadagnino
31,2,15,1,Teresa Giudice,Cheryl Ladd,Cheryl Ladd,Cheryl Ladd
31,3,14,1,Cheryl Ladd,Vinny Guadagnino,Cheryl Ladd,Vinny Guadagnino
31,4,13,1,Sam Champion,Sam Champion,Sam Champion,Sam Champion
31,5,12,2,Selma Blair|Joseph Baena,Vinny Guadagnino|Daniel Durant,Joseph Baena|Daniel Durant,Joseph Baena|Daniel Durant
31,6,10,1,Jessie James Decker,Vinny Guadagnino,Jessie James Decker,Vinny Guadagnino
31,7,9,1,Jordin Sparks,Vinny Guadagnino,Vinny Guadagnino,Vinny Guadagnino
31,8,8,2,Heidi D'Amelio|Vinny Guadagnino,Vinny Guadagnino|Heidi D'Amelio,Vinny Guadagnino|Heidi D'Amelio,Vinny Guadagnino|Heidi D'Amelio
31,9,6,2,Trevor Donovan|Daniel Durant,Trevor Donovan|Daniel Durant,Trevor Donovan|Daniel Durant,Trevor Donovan|Daniel Durant
32,1,14,1,Matt Walsh,Matt Walsh,Matt Walsh,Tyson Beckford
32,2,13,1,Jamie Lynn Spears,Mauricio Umansky,Mauricio Umansky,Mauricio Umansky
32,3,12,1,Tyson Beckford,Tyson Beckford,Tyson Beckford,Tyson Beckford
32,4,11,1,Adrian Peterson,Alyson Hannigan,Alyson Hannigan,Alyson Hannigan
32,5,10,1,Mira Sorvino,Harry Jowsey,Harry Jowsey,Harry Jowsey
32,6,9,1,Mauricio Umansky,Harry Jowsey,Harry Jowsey,Harry Jowsey
32,7,8,1,Lele Pons,Harry Jowsey,Harry Jowsey,Harry Jowsey
32,8,7,1,Barry Williams,Harry Jowsey,Harry Jowsey,Harry Jowsey
32,9,6,1,Harry Jowsey,Harry Jowsey,Harry Jowsey,Harry Jowsey
33,2,13,2,Tori Spelling|Anna Delvey,Reginald VelJohnson|Eric Roberts,Anna Delvey|Reginald VelJohnson,Anna Delvey|Reginald VelJohnson
33,3,11,2,Eric Roberts|Reginald VelJohnson,Reginald VelJohnson|Eric Roberts,Reginald VelJohnson|Eric Roberts,Reginald VelJohnson|Eric Roberts
33,4,9,1,Brooks Nader,Dwight Howard ,Dwight Howard ,Dwight Howard 
33,5,8,1,Phaedra Parks,Phaedra Parks,Phaedra Parks,Dwight Howard 
33,6,7,1,Jenn Tran,Ilona Maher,Ilona Maher,Ilona Maher
33,7,6,1,Dwight Howard ,Dwight Howard ,Dwight Howard ,Dwight Howard 
34,2,14,2,Corey Feldman|Baron Davis,Corey Feldman|Andy Richter,Corey Feldman|Baron Davis,Corey Feldman|Baron Davis
34,3,12,1,Lauren Jauregui,Andy Richter,Andy Richter,Lauren Jauregui
34,4,11,1,Hilaria Baldwin,Andy Richter,Andy Richter,Andy Richter
34,6,10,1,Scott Hoying,Andy Richter,Andy Richter,Andy Richter
34,7,9,1,Jen Affleck,Andy Richter,Andy Richter,Andy Richter
34,8,8,1,Danielle Fishel,Andy Richter,Andy Richter,Andy Richter
34,9,7,1,Andy Richter,Andy Richter,Andy Richter,Andy Richter
34,10,6,1,Whitney Leavitt,Dylan Efron,Dylan Efron,Dylan Efron
