celebrity_name,ensemble_zscore,elim_week_percent,elim_week_rank,elim_week_bottom2save,season,ensemble_rank,placement_actual,results_actual,delta_rank_minus_percent,delta_b2s_minus_percent
Kelly Monaco,1.8821425496213935,1,1,1,1,1,1.0,1st Place,0,0
Trista Sutter,0.736568609319843,7,7,7,1,2,6.0,Eliminated Week 2,0,0
Joey McIntyre,-0.36373157856373184,3,3,3,1,3,3.0,3rd Place,0,0
Jerry Rice,2.030850382052713,6,6,6,2,1,2.0,2nd Place,0,0
George Hamilton,1.215694882640092,4,4,4,2,2,5.0,Eliminated Week 6,0,0
Lisa Rinna,0.8170727581118441,7,7,7,2,3,4.0,Eliminated Week 7,0,0
Joey Lawrence,1.5883703326472076,5,5,5,3,1,3.0,3rd Place,0,0
Emmitt Smith,1.3896334770012322,3,3,3,3,2,1.0,1st Place,0,0
Jerry Springer,0.5074607199731679,2,2,2,3,3,5.0,Eliminated Week 7,0,0
Billy Ray Cyrus,2.0835367066245754,1,1,1,4,1,5.0,Eliminated Week 8,0,0
John Ratzenberger,1.3112908482841676,3,3,3,4,2,6.0,Eliminated Week 7,0,0
Laila Ali,0.8288505549183038,8,8,8,4,3,3.0,3rd Place,0,0
Marie Osmond,1.5598105148498285,5,5,5,5,1,3.0,3rd Place,0,0
Cameron Mathison,1.5479806872119355,7,7,7,5,2,5.0,Eliminated Week 8,0,0
Jennie Garth,0.8244671735446993,8,8,8,5,3,4.0,Eliminated Week 9,0,0
Marissa Jaret Winokur,2.0292600824920264,3,3,3,6,1,4.0,Eliminated Week 9,0,0
Cristian de la Fuente,1.1909221751725576,7,7,7,6,2,3.0,3rd Place,0,0
Jason Taylor,0.7388760460344178,9,8,8,6,3,2.0,2nd Place,-1,-1
Susan Lucci,1.146335235170952,6,6,6,7,1,6.0,Eliminated Week 7,0,0
Lance Bass,1.0862245899292706,9,9,5,7,2,3.0,3rd Place,0,-4
Warren Sapp,0.9662722470009929,7,7,7,7,3,2.0,2nd Place,0,0
Ty Murray,2.573514373619155,6,6,6,8,1,4.0,Eliminated Week 10,0,0
Melissa Rycroft,0.9223190591288567,8,10,8,8,2,3.0,3rd Place,2,0
Lil' Kim,0.5504633419034192,9,7,7,8,3,5.0,Eliminated Week 9,-2,-2
Kelly Osbourne,1.7182673658140502,8,10,10,9,1,3.0,3rd Place,2,2
Donny Osmond,1.4550694698225037,9,9,9,9,2,1.0,1st Place,0,0
Michael Irvin,1.3563491408907826,3,3,3,9,3,7.0,Eliminated Week 7,0,0
Chad Ochocinco,1.499588674990565,5,5,5,10,1,4.0,Eliminated Week 9,0,0
Niecy Nash,1.3366012262161793,4,4,4,10,2,5.0,Eliminated Week 8,0,0
Erin Andrews,1.1227968254766147,8,8,8,10,3,3.0,3rd Place,0,0
Bristol Palin,1.6285481898068845,5,5,5,11,1,3.0,3rd Place,0,0
Kurt Warner,1.2808887770023631,6,6,6,11,2,5.0,Eliminated Week 8,0,0
Kyle Massey,1.0338601689925224,7,7,7,11,3,2.0,2nd Place,0,0
Kendra Wilkinson,1.7429173301495426,4,4,4,12,1,6.0,Eliminated Week 7,0,0
Romeo,1.118284506115181,11,11,11,12,2,5.0,Eliminated Week 8,0,0
Ralph Macchio,1.1045799677971353,8,8,8,12,3,4.0,Eliminated Week 9,0,0
Rob Kardashian,1.0881279659371104,7,8,6,13,1,2.0,2nd Place,1,-1
David Arquette,0.9991001556754134,5,6,7,13,2,6.0,Eliminated Week 7,1,2
Elisabetta Canalis,0.9881215152658386,11,11,11,13,3,11.0,Eliminated Week 2,0,0
Melissa Gilbert,1.4127267237305388,2,2,3,14,1,5.0,Eliminated Week 8,0,1
Maria Menounos,1.0999170124395503,8,8,8,14,2,4.0,Eliminated Week 9,0,0
Donald Driver,1.0866873266850272,7,11,10,14,3,1.0,1st Place,4,3
Kelly Monaco,2.2777246723634708,5,5,5,15,1,3.0,3rd Place,0,0
Emmitt Smith,1.0301084714976583,6,6,6,15,2,4.0,Eliminated Week 9,0,0
Kirstie Alley,0.6129552962858836,3,3,3,15,3,7.0,Eliminated Week 8,0,0
Jacoby Jones,2.000955629078987,9,10,10,16,1,3.0,3rd Place,1,1
D. L. Hughley,1.8583248220815387,1,1,1,16,2,9.0,Eliminated Week 5,0,0
Ingo Rademacher,0.5909497202755879,8,8,8,16,3,5.0,Eliminated Week 9,0,0
Bill Engvall,1.1825923981617976,4,4,4,17,1,4.0,Eliminated Week 11,0,0
Leah Remini,1.1761453448004144,5,5,5,17,2,5.0,Eliminated Week 10,0,0
Jack Osbourne,0.7962345313039455,6,6,6,17,3,3.0,3rd Place,0,0
Candace Cameron Bure,2.0462597856259275,4,4,4,18,1,3.0,3rd Place,0,0
James Maslow,1.109887928355268,7,7,6,18,2,4.0,Eliminated Week 10,0,-1
Sean Avery,0.3359651785489261,2,11,11,18,3,11.0,Eliminated Week 2,9,9
Tommy Chong,1.4627193157779306,5,5,5,19,1,5.0,Eliminated Week 10,0,0
Janel Parrish,1.4147494032689047,9,12,12,19,2,3.0,3rd Place,3,3
Michael Waltrip,0.9346724795025837,2,2,2,19,3,7.0,Eliminated Week 8,0,0
Chris Soules,1.8859019958923453,2,2,2,20,1,5.0,Eliminated Week 8,0,0
Noah Galloway,1.4780796880293279,7,8,8,20,2,3.0,3rd Place,1,1
Redfoo,0.8479520609909384,1,1,1,20,3,12.0,Eliminated Week 2,0,0
Alek Skarlatos,1.8831286624797643,5,5,5,21,1,3.0,3rd Place,0,0
Nick Carter,0.9492199754583108,10,10,10,21,2,2.0,2nd Place,0,0
Bindi Irwin,0.47853176053691343,12,12,12,21,3,1.0,1st Place,0,0
Antonio Brown,1.4761125208409898,5,5,5,22,1,5.0,Eliminated Week 9,0,0
Jodie Sweetin,1.1868095548461077,11,4,7,22,2,6.0,Eliminated Week 8,-7,-4
Von Miller,0.7957733790845568,6,7,3,22,3,7.0,Eliminated Week 7,1,-3
Ryan Lochte,1.3423318270299849,5,5,5,23,1,7.0,Eliminated Week 8,0,0
Terra Jole,1.2394870799554243,8,12,8,23,2,5.0,Eliminated Week 10,4,0
Marilu Henner,0.9526258554634496,7,8,7,23,3,6.0,Eliminated Week 9,1,0
David Ross,1.4747650879259657,5,6,5,24,1,2.0,2nd Place,1,0
Bonner Bolton,1.305111171454228,6,5,6,24,2,5.0,Eliminated Week 8,-1,0
Rashad Jennings,0.7818217464824273,9,9,11,24,3,1.0,1st Place,0,2
Terrell Owens,2.064602666619457,2,5,11,25,1,6.0,Eliminated Week 8,3,9
Drew Scott,1.225365854209939,6,6,6,25,2,4.0,Eliminated Week 10,0,0
Frankie Muniz,0.5865430450748312,9,9,9,25,3,3.0,3rd Place,0,0
Josh Norman,1.1812518756777142,5,5,5,26,1,2.0,2nd Place,0,0
Arike Ogunbowale,1.1450233023931098,5,5,5,26,2,7.0,Eliminated Week 2,0,0
Tonya Harding,1.1087716595207382,4,4,4,26,3,3.0,3rd Place,0,0
Evanna Lynch,2.0464892975918922,5,9,5,27,1,3.0,3rd Place,4,0
Bobby Bones,1.3742652379941829,4,4,4,27,2,1.0,1st Place,0,0
Joe Amabile,0.7421836905216986,1,1,1,27,3,6.0,Eliminated Week 8,0,0
Kate Flannery,1.321243440514559,5,4,4,28,1,7.0,Eliminated Week 8,-1,-1
Hannah Brown,1.2806182359795806,8,9,6,28,2,1.0,1st Place,1,-2
Lauren Alaina,1.2208861882545392,6,6,8,28,3,4.0,4th Place,0,2
Chrishell Stause,1.5929785387081286,8,8,8,29,1,8.0,Eliminated Week 8,0,0
Nelly,1.533150514761563,4,4,4,29,2,3.0,3rd Place,0,0
Skai Jackson,1.275482784161327,6,10,6,29,3,5.0,Eliminated Week 10,4,0
Iman Shumpert,2.3019202080265755,5,5,5,30,1,1.0,1st Place,0,0
Cody Rigsby,1.6312019578052626,3,3,3,30,2,3.0,3rd Place,0,0
Suni Lee,0.8094426712695793,11,11,11,30,3,5.0,Eliminated Week 9,0,0
Vinny Guadagnino,1.8071920096480831,3,3,1,31,1,7.0,Eliminated Week 8,0,-2
Jessie James Decker,1.2995524990344158,6,6,6,31,2,10.0,Eliminated Week 6,0,0
Trevor Donovan,1.1640075663398246,9,9,9,31,3,6.0,Eliminated Week 9,0,0
Mauricio Umansky,1.3189577843422198,2,2,2,32,1,9.0,Eliminated Week 6,0,0
Alyson Hannigan,1.189626042453302,4,4,4,32,2,5.0,5th Place,0,0
Harry Jowsey,1.037614619365999,5,6,5,32,3,6.0,Eliminated Week 9,1,0
Ilona Maher,1.8350855480832762,3,6,3,33,1,2.0,2nd Place,3,0
Brooks Nader,1.0657109081147984,10,10,10,33,2,9.0,Eliminated Week 4,0,0
Jenn Tran,1.0447902090073724,10,10,10,33,3,7.0,Eliminated Week 6,0,0
Dylan Efron,1.2511626964458202,8,8,8,34,1,4.0,4th Place,0,0
Elaine Hendrix,1.116306601068981,7,7,7,34,2,5.0,5th Place,0,0
Jordan Chiles,0.9534150871603403,9,9,9,34,3,3.0,3rd Place,0,0
